{"stats":{"minecraft:killed_by":{"minecraft:zombie":1},"minecraft:picked_up":{"minecraft:stick":8},"minecraft:custom":{"minecraft:jump":38,"minecraft:time_since_rest":2617,"minecraft:damage_dealt":17,"minecraft:damage_taken":175,"minecraft:leave_game":2,"minecraft:play_time":3577,"minecraft:sprint_one_cm":3124,"minecraft:time_since_death":2508,"minecraft:walk_one_cm":4023,"minecraft:deaths":1,"minecraft:sneak_time":3,"minecraft:total_world_time":3577,"minecraft:mob_kills":4,"minecraft:fall_one_cm":267,"minecraft:fly_one_cm":18550},"minecraft:mined":{"minecraft:dead_bush":6},"minecraft:used":{"jeg:revolver":38},"minecraft:killed":{"minecraft:skeleton":1,"minecraft:creeper":3}},"DataVersion":3465}