{"stats":{"minecraft:mined":{"minecraft:dead_bush":8,"minecraft:sand":4},"minecraft:picked_up":{"minecraft:stick":8,"minecraft:sand":4,"minecraft:gunpowder":1},"minecraft:custom":{"minecraft:jump":61,"minecraft:time_since_rest":2806,"minecraft:damage_dealt":200,"minecraft:leave_game":2,"minecraft:play_time":2806,"minecraft:sprint_one_cm":6690,"minecraft:time_since_death":2806,"minecraft:walk_one_cm":3245,"minecraft:total_world_time":2806,"minecraft:mob_kills":1,"minecraft:fall_one_cm":1997,"minecraft:fly_one_cm":76008},"minecraft:killed":{"minecraft:creeper":1}},"DataVersion":3120}